filename,spanning_pct,rows_count,column_count,total_cells,aspect_ratio,width_added,height_added,is_complex,area_added
000003799615000064_f0930201510-q-t7,0.4444444444444444,27,9,135,1.3395029085140138,1266,321,1,-8042275
000002134416000050_a2015123110-k-t79,0.13333333333333333,6,5,26,4.956947162426615,0,377,1,-1912415
000007085816000166_bac-331201610xq-t649,0.4,5,9,27,5.692134831460674,0,410,1,-2079593
000007085816000166_bac-331201610xq-t248,0.37333333333333335,30,5,94,1.1858614232209739,1266,198,1,-7421690
000002134416000050_a2015123110-k-t46,0.36904761904761907,12,7,53,2.792723263506064,0,179,1,-909347
000007085816000166_bac-331201610xq-t216,0.4142857142857143,10,7,41,2.898169336384439,0,196,1,-992936
000007085816000166_bac-331201610xq-t545,0.375,16,9,90,2.164957264957265,0,48,1,-243168
000007085816000166_bac-331201610xq-t381,0.40555555555555556,40,9,214,0.8903339191564148,1578,0,1,-8981665
000003799615000064_f0930201510-q-t30,0.34285714285714286,14,5,46,2.332412523020258,0,90,1,-455940
000009341016000049_cvx-123115x10kdoc-t2,0.0,2,3,6,6.696275071633238,0,409,0,-1914003
000006480316000074_cvs-20151231x10k-t5,0.16326530612244897,7,7,41,4.382352941176471,0,344,1,-1742704
000007085816000166_bac-331201610xq-t479,0.3888888888888889,12,9,66,2.792723263506064,0,179,1,-909347
000002134416000050_a2015123110-k-t107,0.2857142857142857,6,7,30,4.956947162426615,0,377,1,-1912415
000003799620000010_f1231201910-k-t56,0.3492063492063492,7,9,41,4.382352941176471,0,344,1,-1742704
000003799620000010_f1231201910-k-t57,0.25,8,3,18,3.9271317829457364,0,310,1,-1572993
000002134416000050_a2015123110-k-t296,0.3333333333333333,9,7,42,3.582743988684583,0,279,1,-1415947
000003799620000010_f1231201910-k-t157,0.25,9,8,54,3.582743988684583,0,279,1,-1415947
000003799615000064_f0930201510-q-t64,0.37777777777777777,10,9,56,3.272609819121447,0,246,1,-1246236
000003799620000010_f1231201910-k-t55,0.32142857142857145,8,7,38,3.9271317829457364,0,310,1,-1572993
000003799615000064_f0930201510-q-t101,0.34,10,5,33,3.272609819121447,0,246,1,-1246236
000009341016000049_cvx-123115x10kdoc-t36,0.21428571428571427,2,7,11,10.17269076305221,0,508,1,-2576061
000002134416000050_a2015123110-k-t187,0.14285714285714285,9,7,54,3.582743988684583,0,279,1,-1415947
000007085816000166_bac-331201610xq-t623,0.41836734693877553,14,7,57,2.444980694980695,0,115,1,-582590
000007085816000166_bac-331201610xq-t302,0.52,20,25,240,1.6011378002528445,1266,475,1,-8824972
000009341016000049_cvx-123115x10kdoc-t169,0.0,22,2,44,0.9174212241941325,1494,0,0,-8252629
000003799620000010_f1231201910-k-t295,0.3939393939393939,11,9,60,3.0118906064209274,0,212,1,-1076525
000003799620000010_f1231201910-k-t143,0.25,8,3,18,3.9271317829457364,0,310,1,-1572993
000007085816000166_bac-331201610xq-t309,0.5128205128205128,6,13,38,4.515151515151516,0,352,1,-1785765
000007085816000166_bac-331201610xq-t334,0.37575757575757573,33,5,103,1.041529605263158,1266,50,1,-6671922
000002134416000050_a2015123110-k-t301,0.2857142857142857,6,7,30,4.956947162426615,0,377,1,-1912415
000009341016000049_cvx-123115x10kdoc-t137,0.2,5,3,12,5.692134831460674,0,410,1,-2079593
000003799615000064_f0930201510-q-t66,0.3492063492063492,7,9,41,4.382352941176471,0,344,1,-1742704
000003799620000010_f1231201910-k-t395,0.2698412698412698,21,3,46,1.694314381270903,1266,519,1,-9045343
000002134416000050_a2015123110-k-t160,0.2857142857142857,6,7,30,4.956947162426615,0,377,1,-1912415
000007085816000166_bac-331201610xq-t540,0.32575757575757575,12,11,89,2.1892826274848747,0,54,1,-276097
000009341016000049_cvx-123115x10kdoc-t41,0.21428571428571427,2,7,11,10.17269076305221,0,508,1,-2576061
000007085816000166_bac-331201610xq-t531,0.4358974358974359,9,13,66,2.955659276546091,0,204,1,-1035997
000003799615000064_f0930201510-q-t79,0.325,8,5,27,3.9271317829457364,0,310,1,-1572993
000003799615000064_f0930201510-q-t6,0.0,32,3,96,1.140990990990991,1266,156,0,-7208918
000007085816000166_bac-331201610xq-t199,0.47692307692307695,15,13,102,2.1055694098088114,0,31,1,-159579
000009341016000049_cvx-123115x10kdoc-t135,0.125,8,7,49,3.9271317829457364,0,310,1,-1572993
000003799620000010_f1231201910-k-t341,0.17142857142857143,5,7,29,5.692134831460674,0,410,1,-2079593
000007085816000166_bac-331201610xq-t46,0.6057692307692307,8,13,41,3.4,0,260,1,-1319693
000007085816000166_bac-331201610xq-t28,0.3105590062111801,23,7,111,1.5095351609058403,1266,427,1,-8581804
000003799620000010_f1231201910-k-t307,0.375,8,7,35,3.9271317829457364,0,310,1,-1572993
000002134416000050_a2015123110-k-t238,0.25,6,10,45,4.956947162426615,0,377,1,-1912415
000007085816000166_bac-331201610xq-t140,0.38419117647058826,32,15,335,1.025506072874494,1266,31,1,-6575668
000003408808000057_r10q050608-t14,0.046052631578947366,19,16,290,1.1675053918044571,812,116,1,-3015768
000002134416000050_a2015123110-k-t436,0.0,18,2,36,1.58411507191995,1266,467,0,-8781911
000003799620000010_f1231201910-k-t367,0.25,8,3,18,3.9271317829457364,0,310,1,-1572993
000003799620000010_f1231201910-k-t53,0.34285714285714286,10,7,46,3.272609819121447,0,246,1,-1246236
000003799620000010_f1231201910-k-t339,0.23076923076923078,2,13,20,10.17269076305221,0,508,1,-2576061
000002134416000050_a2015123110-k-t47,0.1,5,6,27,3.1861635220125786,0,235,1,-1193043
000003799615000064_f0930201510-q-t48,0.4564102564102564,15,13,106,2.2964641885766093,0,81,1,-412879
000002134416000050_a2015123110-k-t197,0.2777777777777778,6,3,13,4.956947162426615,0,377,1,-1912415
000003799620000010_f1231201910-k-t155,0.3,11,10,77,3.0118906064209274,0,212,1,-1076525
000003799620000010_f1231201910-k-t294,0.3939393939393939,11,9,60,3.0118906064209274,0,212,1,-1076525
000003799620000010_f1231201910-k-t213,0.30666666666666664,15,10,104,2.2964641885766093,0,81,1,-412879
000009341016000049_cvx-123115x10kdoc-t23,0.0,8,4,32,1.5880877742946709,1266,469,0,-8792043
000003408808000057_r10q050608-t13,0.13,25,16,348,1.1323960164030462,966,113,1,-4173347
000003408819000010_xom10k2018-t70,0.08163265306122448,14,7,90,2.25355871886121,0,71,1,-359686
000009341016000049_cvx-123115x10kdoc-t121,0.4461538461538462,25,13,180,1.4416619237336368,1266,388,1,-8381697
000003408819000010_xom10k2018-t39,0.029411764705882353,17,4,66,1.8888888888888888,1266,596,1,-9435425
000003799620000010_f1231201910-k-t409,0.2727272727272727,22,11,176,1.4383872799545712,1266,386,1,-8371565
000002134416000050_a2015123110-k-t90,0.2267080745341615,23,14,249,1.4658564814814814,1266,402,1,-8455154
000003799615000064_f0930201510-q-t58,0.3619047619047619,35,9,201,1.0484271523178808,1266,58,1,-6712450
000009341016000049_cvx-123115x10kdoc-t141,0.4567901234567901,9,9,44,3.1387856257744735,0,229,1,-1162647
000007085816000166_bac-331201610xq-t491,0.36324786324786323,36,13,298,0.9810224632068164,1315,0,1,-6793242
000009341016000049_cvx-123115x10kdoc-t38,0.21428571428571427,2,7,11,10.17269076305221,0,508,1,-2576061
000003799620000010_f1231201910-k-t350,0.44019138755980863,11,19,117,3.0118906064209274,0,212,1,-1076525
000007085816000166_bac-331201610xq-t279,0.47058823529411764,24,17,216,1.2386308068459657,1266,244,1,-7652193
000002134416000050_a2015123110-k-t267,0.36363636363636365,11,13,91,3.0118906064209274,0,212,1,-1076525
000003799615000064_f0930201510-q-t131,0.3333333333333333,6,8,32,4.956947162426615,0,377,1,-1912415
000003799615000064_f0930201510-q-t19,0.0,21,3,63,1.694314381270903,1266,519,0,-9045343
000003799620000010_f1231201910-k-t301,0.20833333333333334,6,4,19,4.956947162426615,0,377,1,-1912415
000007085816000166_bac-331201610xq-t11,0.40714285714285714,20,7,83,1.7091767881241566,1266,525,1,-9078272
000003799620000010_f1231201910-k-t49,0.22,20,5,78,1.768854748603352,1266,550,1,-9204922
000003799620000010_f1231201910-k-t351,0.38649155722326456,41,13,327,0.8713450292397661,1640,0,1,-9537867
000003799620000010_f1231201910-k-t318,0.26666666666666666,10,3,22,3.272609819121447,0,246,1,-1246236
000007085816000166_bac-331201610xq-t392,0.30952380952380953,6,7,29,4.956947162426615,0,377,1,-1912415
000002134416000050_a2015123110-k-t236,0.25,8,3,18,3.9271317829457364,0,310,1,-1572993
000009341016000049_cvx-123115x10kdoc-t124,0.46296296296296297,6,9,29,4.956947162426615,0,377,1,-1912415
000007085816000166_bac-331201610xq-t304,0.49230769230769234,20,13,132,1.768854748603352,1266,550,1,-9204922
000007085816000166_bac-331201610xq-t324,0.28846153846153844,16,13,148,1.694314381270903,1266,519,1,-9045343
000007085816000166_bac-331201610xq-t508,0.3448275862068966,29,21,399,1.068776371308017,1266,81,1,-6828968
000003408808000057_r10q050608-t6,0.06666666666666667,18,5,84,1.1986143187066975,778,129,1,-2825955
000002134416000050_a2015123110-k-t271,0.37037037037037035,9,9,51,3.582743988684583,0,279,1,-1415947
000007085816000166_bac-331201610xq-t261,0.49572649572649574,9,13,59,3.582743988684583,0,279,1,-1415947
000007085816000166_bac-331201610xq-t104,0.41414141414141414,11,9,58,3.0118906064209274,0,212,1,-1076525
000003799620000010_f1231201910-k-t375,0.2895927601809955,13,17,157,2.611340206185567,0,148,1,-749768
000003799620000010_f1231201910-k-t219,0.41798941798941797,21,9,110,1.5880877742946709,1266,469,1,-8792043
000003799620000010_f1231201910-k-t251,0.047619047619047616,7,3,20,2.8849658314350797,0,194,1,-982804
000003799620000010_f1231201910-k-t44,0.11428571428571428,5,7,31,5.692134831460674,0,410,1,-2079593
000002134416000050_a2015123110-k-t155,0.3627906976744186,43,5,137,0.861271676300578,1674,0,1,-9849409
000003408819000010_xom10k2018-t74,0.03333333333333333,10,3,29,3.0299043062200957,0,215,1,-1089190
000002134416000050_a2015123110-k-t4,0.0,9,2,18,3.545968882602546,0,273,0,-1368822
000002134416000050_a2015123110-k-t259,0.3968253968253968,14,9,76,2.444980694980695,0,115,1,-582590
000003799620000010_f1231201910-k-t69,0.25,8,3,18,3.9271317829457364,0,310,1,-1572993
000003799620000010_f1231201910-k-t9,0.0,23,3,69,1.555896805896806,1266,452,0,-8708454
000003408808000057_r10q050608-t20,0.07058823529411765,17,5,79,1.3287337662337662,818,202,1,-3342754
000003799620000010_f1231201910-k-t333,0.36507936507936506,18,7,80,1.9499615088529638,1266,617,1,-9541811
000003799620000010_f1231201910-k-t376,0.37142857142857144,21,5,66,1.694314381270903,1266,519,1,-9045343
000009341016000049_cvx-123115x10kdoc-t42,0.21428571428571427,2,7,11,10.17269076305221,0,508,1,-2576061
000003799620000010_f1231201910-k-t331,0.36507936507936506,18,7,80,1.9499615088529638,1266,617,1,-9541811
000006480319000013_cvs-2018231x10k-t113,0.3,4,5,14,6.62041884816754,0,441,1,-2230578
000003799620000010_f1231201910-k-t71,0.25,8,3,18,3.9271317829457364,0,310,1,-1572993
000003799620000010_f1231201910-k-t306,0.3111111111111111,9,5,31,3.582743988684583,0,279,1,-1415947
000007085816000166_bac-331201610xq-t628,0.30434782608695654,3,8,16,8.015822784810126,0,475,1,-2406350
000002134416000050_a2015123110-k-t245,0.15,5,4,17,5.692134831460674,0,410,1,-2079593
000002134416000050_a2015123110-k-t297,0.2956521739130435,23,5,81,1.555896805896806,1266,452,1,-8708454
000003799615000064_f0930201510-q-t122,0.2857142857142857,6,7,30,4.956947162426615,0,377,1,-1912415
000002134416000050_a2015123110-k-t172,0.26666666666666666,6,5,22,4.915851272015655,0,372,1,-1871440
000002134416000050_a2015123110-k-t354,0.21428571428571427,4,7,22,6.630890052356021,0,442,1,-2239172
000009341016000049_cvx-123115x10kdoc-t105,0.3904761904761905,15,7,64,2.2964641885766093,0,81,1,-412879
000009341016000049_cvx-123115x10kdoc-t15,0.08571428571428572,15,7,96,2.2964641885766093,0,81,1,-412879
000003799615000064_f0930201510-q-t13,0.36428571428571427,28,5,89,1.2943280531425652,1266,288,1,-7875097
000003799615000064_f0930201510-q-t46,0.36363636363636365,22,5,70,1.5723153320918684,1266,461,1,-8751515
000003799615000064_f0930201510-q-t70,0.3838383838383838,11,9,61,3.0118906064209274,0,212,1,-1076525
000003799620000010_f1231201910-k-t311,0.34285714285714286,5,7,23,5.692134831460674,0,410,1,-2079593
000009341016000049_cvx-123115x10kdoc-t125,0.4515235457063712,19,19,198,1.7278308321964528,1266,533,1,-9118800
000009341016000049_cvx-123115x10kdoc-t126,0.21052631578947367,10,19,150,3.272609819121447,0,246,1,-1246236
000002134416000050_a2015123110-k-t186,0.3404255319148936,12,8,62,2.792723263506064,0,179,1,-909347
000002134416000050_a2015123110-k-t144,0.0,9,7,63,3.582743988684583,0,279,0,-1415947
000002134416000050_a2015123110-k-t175,0.2604166666666667,16,6,71,2.0762295081967213,0,23,1,-116518
000003799620000010_f1231201910-k-t123,0.2692307692307692,13,10,95,2.611340206185567,0,148,1,-749768
000003799620000010_f1231201910-k-t59,0.25,8,3,18,3.9271317829457364,0,310,1,-1572993
000003799620000010_f1231201910-k-t60,0.3492063492063492,7,9,41,4.382352941176471,0,344,1,-1742704
000003799620000010_f1231201910-k-t385,0.375,16,7,70,2.164957264957265,0,48,1,-243168
000003799615000064_f0930201510-q-t22,0.02564102564102564,13,3,38,1.519753086419753,1231,421,1,-8134448
000003799620000010_f1231201910-k-t363,0.15384615384615385,13,3,33,2.611340206185567,0,148,1,-749768
000002134416000050_a2015123110-k-t355,0.21428571428571427,4,7,22,6.630890052356021,0,442,1,-2239172
000006480319000013_cvs-2018231x10k-t124,0.0,13,2,26,1.613375796178344,1266,481,0,-8855368
000003799620000010_f1231201910-k-t168,0.336734693877551,14,7,65,2.444980694980695,0,115,1,-582590
000009341016000049_cvx-123115x10kdoc-t161,0.022727272727272728,28,11,301,1.2943280531425652,1266,288,1,-7875097
000003799620000010_f1231201910-k-t130,0.3492063492063492,7,9,41,4.382352941176471,0,344,1,-1742704
000003799620000010_f1231201910-k-t63,0.25,8,3,18,3.9271317829457364,0,310,1,-1572993
000007085816000166_bac-331201610xq-t538,0.37320574162679426,19,10,131,1.8543191800878478,1266,583,1,-9372100
000003799620000010_f1231201910-k-t408,0.45751633986928103,9,17,83,3.346103038309115,0,254,1,-1289297
000002134416000050_a2015123110-k-t189,0.22857142857142856,7,5,27,4.382352941176471,0,344,1,-1742704
000003408819000010_xom10k2018-t50,0.11904761904761904,12,7,74,2.579429735234216,0,142,1,-719372
000002134416000050_a2015123110-k-t136,0.4155844155844156,14,11,90,2.444980694980695,0,115,1,-582590
000007085816000166_bac-331201610xq-t356,0.35294117647058826,17,7,77,1.7091767881241566,1266,525,1,-9078272
000009341016000049_cvx-123115x10kdoc-t142,0.41025641025641024,39,19,437,0.8365257595772787,1761,0,1,-10667644
000002134416000050_a2015123110-k-t23,0.0,5,4,20,5.683146067415731,0,409,0,-2071251
000007085816000166_bac-331201610xq-t411,0.4442857142857143,28,25,389,0.9810224632068164,1315,0,1,-6793242
000003799620000010_f1231201910-k-t211,0.2967032967032967,13,7,64,2.611340206185567,0,148,1,-749768
000007085816000166_bac-331201610xq-t294,0.3076923076923077,20,13,180,1.6011378002528445,1266,475,1,-8824972
000002134416000050_a2015123110-k-t256,0.3333333333333333,6,9,36,4.956947162426615,0,377,1,-1912415
000003799615000064_f0930201510-q-t67,0.2857142857142857,7,5,25,4.382352941176471,0,344,1,-1742704
000007085816000166_bac-331201610xq-t536,0.3956043956043956,7,13,55,4.382352941176471,0,344,1,-1742704
000003408819000010_xom10k2018-t51,0.0,3,4,12,7.629518072289157,0,467,0,-2365822
000003799620000010_f1231201910-k-t18,0.043478260869565216,23,4,88,1.555896805896806,1266,452,1,-8708454
000003799615000064_f0930201510-q-t68,0.2222222222222222,12,3,28,2.6468129571577848,0,154,1,-782697
000003799620000010_f1231201910-k-t364,0.25,8,3,18,3.9271317829457364,0,310,1,-1572993
000007085816000166_bac-331201610xq-t643,0.3333333333333333,15,5,50,2.196877710320902,0,56,1,-286229
000007085816000166_bac-331201610xq-t529,0.35,8,5,26,3.6446043165467628,0,285,1,-1446343
000007085816000166_bac-331201610xq-t165,0.42857142857142855,7,7,28,4.0334394904458595,0,319,1,-1616054
000003799620000010_f1231201910-k-t142,0.35714285714285715,7,8,36,4.382352941176471,0,344,1,-1742704
000003408819000010_xom10k2018-t89,0.12781954887218044,19,7,116,1.7091767881241566,1266,525,1,-9078272
000007085816000166_bac-331201610xq-t483,0.35714285714285715,14,7,63,2.444980694980695,0,115,1,-582590
000003799620000010_f1231201910-k-t140,0.3492063492063492,7,9,41,4.382352941176471,0,344,1,-1742704
000003799615000064_f0930201510-q-t11,0.34,10,5,33,3.0740291262135924,0,221,1,-1119586
000003799620000010_f1231201910-k-t365,0.32,10,5,34,3.272609819121447,0,246,1,-1246236
000007085816000166_bac-331201610xq-t166,0.4,8,5,24,3.6446043165467628,0,285,1,-1446343
000003799620000010_f1231201910-k-t393,0.25925925925925924,18,3,40,1.9499615088529638,1266,617,1,-9541811
000007085816000166_bac-331201610xq-t606,0.4269005847953216,38,9,196,0.9258040935672515,1469,0,1,-8041104
000003799615000064_f0930201510-q-t50,0.32727272727272727,33,5,111,1.063392107472712,1266,75,1,-6798572
000003799620000010_f1231201910-k-t137,0.3673469387755102,7,7,31,4.382352941176471,0,344,1,-1742704
000002134416000050_a2015123110-k-t280,0.3111111111111111,10,9,62,3.272609819121447,0,246,1,-1246236
000009341016000049_cvx-123115x10kdoc-t32,0.3,25,10,175,1.4416619237336368,1266,388,1,-8381697
000007085816000166_bac-331201610xq-t627,0.40425531914893614,6,8,28,4.145662847790508,0,327,1,-1659115
000002134416000050_a2015123110-k-t243,0.16071428571428573,8,7,47,2.9976331360946746,0,210,1,-1066393
000007085816000166_bac-331201610xq-t102,0.403921568627451,15,17,152,2.2964641885766093,0,81,1,-412879
000003799615000064_f0930201510-q-t78,0.26666666666666666,3,5,11,6.920765027322404,0,450,1,-2279700
000003408819000010_xom10k2018-t64,0.047619047619047616,7,3,20,4.085483870967742,0,323,1,-1636318
000007085816000166_bac-331201610xq-t255,0.36507936507936506,27,7,120,1.2722250125565042,1266,271,1,-7788975
000003799620000010_f1231201910-k-t291,0.041666666666666664,8,3,23,2.5457286432160804,0,135,1,-686443
000007085816000166_bac-331201610xq-t114,0.29333333333333333,25,9,159,1.4017708909795241,1266,363,1,-8255047
000002134416000050_a2015123110-k-t156,0.4087301587301587,36,7,149,1.0205479452054795,1266,25,1,-6545272
000003799620000010_f1231201910-k-t129,0.25,8,3,18,3.9271317829457364,0,310,1,-1572993
000009341016000049_cvx-123115x10kdoc-t39,0.14285714285714285,3,7,18,8.015822784810126,0,475,1,-2406350
000003799620000010_f1231201910-k-t348,0.32,20,5,68,1.768854748603352,1266,550,1,-9204922
000009341016000049_cvx-123115x10kdoc-t156,0.024725274725274724,28,13,355,1.1539863325740318,1266,169,1,-7272243
000002134416000050_a2015123110-k-t81,0.35064935064935066,11,7,50,3.0118906064209274,0,212,1,-1076525
000003799620000010_f1231201910-k-t23,0.07023411371237458,23,13,278,1.555896805896806,1266,452,1,-8708454
000003799620000010_f1231201910-k-t212,0.3,12,10,84,2.792723263506064,0,179,1,-909347
000003799620000010_f1231201910-k-t402,0.26666666666666666,3,5,11,8.015822784810126,0,475,1,-2406350
000003408819000010_xom10k2018-t109,0.05,10,4,38,3.0299043062200957,0,215,1,-1089190
000007085816000166_bac-331201610xq-t148,0.4,24,5,72,1.37289972899729,1266,344,1,-8158793
000007085816000166_bac-331201610xq-t563,0.3333333333333333,26,6,104,1.3887061403508771,1266,354,1,-8211986
000003799620000010_f1231201910-k-t299,0.3625,8,10,51,3.9271317829457364,0,310,1,-1572993
000007085816000166_bac-331201610xq-t151,0.3515151515151515,33,5,107,1.0861921097770155,1266,100,1,-6925222
000007085816000166_bac-331201610xq-t461,0.33636363636363636,10,11,73,2.4736328125,0,121,1,-612986
000007085816000166_bac-331201610xq-t115,0.41818181818181815,11,5,32,3.0118906064209274,0,212,1,-1076525
000002134416000050_a2015123110-k-t6,0.0,29,3,87,1.223671497584541,1266,231,0,-7588868
000002134416000050_a2015123110-k-t276,0.0,4,5,20,6.630890052356021,0,442,0,-2239172
000002134416000050_a2015123110-k-t388,0.0,6,2,12,3.832072617246596,0,302,0,-1532465
000003799620000010_f1231201910-k-t282,0.4358974358974359,6,11,44,4.8101761252446185,0,359,1,-1764844
000007085816000166_bac-331201610xq-t245,0.36363636363636365,11,9,63,3.0118906064209274,0,212,1,-1076525
000002134416000050_a2015123110-k-t279,0.21428571428571427,4,7,22,6.630890052356021,0,442,1,-2239172
000003799620000010_f1231201910-k-t337,0.21428571428571427,2,7,11,10.17269076305221,0,508,1,-2576061
000002134416000050_a2015123110-k-t163,0.23129251700680273,21,7,113,1.694314381270903,1266,519,1,-9045343
000003408819000010_xom10k2018-t38,0.08333333333333333,6,4,22,4.61384335154827,0,358,1,-1816161
000003799620000010_f1231201910-k-t62,0.3673469387755102,7,7,31,4.382352941176471,0,344,1,-1742704
000002134416000050_a2015123110-k-t387,0.2222222222222222,12,3,28,2.792723263506064,0,179,1,-909347
000002134416000050_a2015123110-k-t181,0.24242424242424243,22,9,150,0.8853547710590702,1594,0,1,-9123729
000007085816000166_bac-331201610xq-t653,0.4043956043956044,35,13,271,0.9501125281320331,1399,0,1,-7462134
000002134416000050_a2015123110-k-t58,0.0,4,7,28,6.630890052356021,0,442,0,-2239172
000002134416000050_a2015123110-k-t348,0.42857142857142855,14,17,136,2.444980694980695,0,115,1,-582590
000003799620000010_f1231201910-k-t313,0.24,5,5,19,5.1171717171717175,0,385,1,-1952943
000003799615000064_f0930201510-q-t39,0.44871794871794873,18,13,129,1.9499615088529638,1266,617,1,-9541811
000006480316000074_cvs-20151231x10k-t34,0.11428571428571428,5,7,31,2.94792899408284,0,200,1,-996400
000007085816000166_bac-331201610xq-t442,0.3701923076923077,16,13,131,1.6394822006472491,1266,494,1,-8918693
000003799620000010_f1231201910-k-t345,0.3956043956043956,13,7,55,2.611340206185567,0,148,1,-749768
000003799620000010_f1231201910-k-t310,0.42,20,15,174,1.4624711316397228,1266,400,1,-8445022
000007085816000166_bac-331201610xq-t150,0.41975308641975306,9,9,47,3.582743988684583,0,279,1,-1415947
000002134416000050_a2015123110-k-t128,0.3333333333333333,9,7,42,3.582743988684583,0,279,1,-1415947
000003799620000010_f1231201910-k-t175,0.0,13,2,26,2.611340206185567,0,148,0,-749768
000003799620000010_f1231201910-k-t334,0.2,4,5,16,6.630890052356021,0,442,1,-2239172
000003799615000064_f0930201510-q-t65,0.3611111111111111,8,9,46,3.9271317829457364,0,310,1,-1572993
000007085816000166_bac-331201610xq-t521,0.2857142857142857,7,5,25,4.0334394904458595,0,319,1,-1616054
000007085816000166_bac-331201610xq-t277,0.5769230769230769,6,13,33,4.956947162426615,0,377,1,-1912415
000007085816000166_bac-331201610xq-t47,0.36666666666666664,20,9,114,1.7091767881241566,1266,525,1,-9078272
000003408819000010_xom10k2018-t61,0.03676470588235294,34,8,262,0.8250814332247557,1803,0,1,-11073490
000007085816000166_bac-331201610xq-t498,0.5238095238095238,7,9,30,4.382352941176471,0,344,1,-1742704
000002134416000050_a2015123110-k-t173,0.325,8,5,27,3.894573643410853,0,305,1,-1534832
000003799615000064_f0930201510-q-t138,0.3,4,5,14,6.630890052356021,0,442,1,-2239172
000003799615000064_f0930201510-q-t18,0.3713235294117647,16,17,171,1.3545454545454545,1266,331,1,-8095468
000003799615000064_f0930201510-q-t80,0.3986013986013986,13,11,86,2.611340206185567,0,148,1,-749768
000002134416000050_a2015123110-k-t275,0.15384615384615385,5,13,55,5.692134831460674,0,410,1,-2079593
000002134416000050_a2015123110-k-t277,0.23076923076923078,4,13,40,6.630890052356021,0,442,1,-2239172
000003408819000010_xom10k2018-t86,0.03333333333333333,10,3,29,3.0299043062200957,0,215,1,-1089190
000002134416000050_a2015123110-k-t437,0.0,9,2,18,3.346103038309115,0,254,0,-1289297
000003799620000010_f1231201910-k-t139,0.25925925925925924,9,3,20,3.582743988684583,0,279,1,-1415947
000007085816000166_bac-331201610xq-t180,0.41420118343195267,13,13,99,2.164957264957265,0,48,1,-243168
000003799620000010_f1231201910-k-t320,0.34285714285714286,14,5,46,2.444980694980695,0,115,1,-582590
000002134416000050_a2015123110-k-t50,0.34615384615384615,4,13,34,6.630890052356021,0,442,1,-2239172
000003799620000010_f1231201910-k-t275,0.3945578231292517,42,7,178,0.8813500347947112,1607,0,1,-9239910
000003408808000057_r10q050608-t8,0.04,40,5,192,0.5489981785063752,1991,0,1,-10933335
000006480316000074_cvs-20151231x10k-t50,0.0,27,3,78,0.9968516332152696,1274,0,0,-6477009
000002134416000050_a2015123110-k-t185,0.3939393939393939,6,11,40,4.956947162426615,0,377,1,-1912415
000007085816000166_bac-331201610xq-t23,0.35714285714285715,10,7,45,3.272609819121447,0,246,1,-1246236
000007085816000166_bac-331201610xq-t668,0.0,18,2,36,1.2362127867252317,1266,242,0,-7642061
000003799620000010_f1231201910-k-t3,0.0,4,3,12,6.630890052356021,0,442,0,-2239172
000002134416000050_a2015123110-k-t227,0.2037037037037037,12,9,86,2.792723263506064,0,179,1,-909347
000007085816000166_bac-331201610xq-t469,0.37755102040816324,14,7,61,2.444980694980695,0,115,1,-582590
000003799620000010_f1231201910-k-t162,0.2727272727272727,11,7,56,3.0118906064209274,0,212,1,-1076525
000007085816000166_bac-331201610xq-t183,0.3611111111111111,12,9,69,2.792723263506064,0,179,1,-909347
000007085816000166_bac-331201610xq-t232,0.47928994082840237,13,13,88,2.164957264957265,0,48,1,-243168
000007085816000166_bac-331201610xq-t348,0.42424242424242425,33,9,171,1.0861921097770155,1266,100,1,-6925222
000003799620000010_f1231201910-k-t58,0.3492063492063492,7,9,41,4.382352941176471,0,344,1,-1742704
000007085816000166_bac-331201610xq-t138,0.3787878787878788,11,6,41,2.321723189734189,0,87,1,-443275
000009341016000049_cvx-123115x10kdoc-t117,0.3333333333333333,6,7,28,4.956947162426615,0,377,1,-1912415
000007085816000166_bac-331201610xq-t374,0.44,5,5,14,5.692134831460674,0,410,1,-2079593
000003799620000010_f1231201910-k-t290,0.38961038961038963,11,7,47,3.0118906064209274,0,212,1,-1076525
000003799615000064_f0930201510-q-t14,0.4276094276094276,33,9,170,1.041529605263158,1266,50,1,-6671922
000003799615000064_f0930201510-q-t49,0.4564102564102564,15,13,106,2.2964641885766093,0,81,1,-412879
000003799620000010_f1231201910-k-t160,0.26785714285714285,16,7,82,2.164957264957265,0,48,1,-243168
000006480316000074_cvs-20151231x10k-t37,0.1,4,5,18,3.408469945355191,0,257,1,-1284925
000003408819000010_xom10k2018-t101,0.08333333333333333,12,5,55,2.579429735234216,0,142,1,-719372
000003799615000064_f0930201510-q-t20,0.29333333333333333,15,5,53,2.196877710320902,0,56,1,-286229
000007085816000166_bac-331201610xq-t400,0.4442857142857143,28,25,389,0.9906140007821665,1290,0,1,-6599617
000007085816000166_bac-331201610xq-t650,0.2653061224489796,14,7,72,2.444980694980695,0,115,1,-582590
000009341016000049_cvx-123115x10kdoc-t151,0.4152046783625731,18,19,200,1.9499615088529638,1266,617,1,-9541811
000009341016000049_cvx-123115x10kdoc-t128,0.426890756302521,35,17,341,1.0484271523178808,1266,58,1,-6712450
000003799615000064_f0930201510-q-t140,0.2222222222222222,9,5,35,3.582743988684583,0,279,1,-1415947
000003799620000010_f1231201910-k-t305,0.36,20,5,64,1.768854748603352,1266,550,1,-9204922
000003799620000010_f1231201910-k-t125,0.34285714285714286,10,7,46,3.272609819121447,0,246,1,-1246236
000003799620000010_f1231201910-k-t45,0.43137254901960786,3,17,29,6.0889423076923075,0,425,1,-2153050
000007085816000166_bac-331201610xq-t17,0.4153846153846154,13,5,38,2.611340206185567,0,148,1,-749768
000006480319000013_cvs-2018231x10k-t4,0.012345679012345678,27,3,80,1.325753569539926,1253,308,1,-7829361
000007085816000166_bac-331201610xq-t475,0.41496598639455784,7,21,86,2.8849658314350797,0,194,1,-982804
000003408819000010_xom10k2018-t107,0.027777777777777776,12,3,35,2.579429735234216,0,142,1,-719372
000007085816000166_bac-331201610xq-t60,0.3819628647214854,29,13,233,1.0918103448275862,1266,106,1,-6955618
000003799615000064_f0930201510-q-t75,0.4125874125874126,11,13,84,3.0118906064209274,0,212,1,-1076525
000009341016000049_cvx-123115x10kdoc-t113,0.38285714285714284,35,5,108,1.0484271523178808,1266,58,1,-6712450
000003408808000057_r10q050608-t1,0.09333333333333334,30,5,136,0.7444870565675935,1309,0,1,-5463234
000009341016000049_cvx-123115x10kdoc-t14,0.15384615384615385,13,9,99,2.4833333333333334,0,123,1,-623118
000002134416000050_a2015123110-k-t265,0.3384615384615385,13,5,43,2.611340206185567,0,148,1,-749768
000002134416000050_a2015123110-k-t157,0.391156462585034,42,7,179,0.8813500347947112,1607,0,1,-9239910
000003799620000010_f1231201910-k-t151,0.21818181818181817,11,5,43,3.0118906064209274,0,212,1,-1076525
000002134416000050_a2015123110-k-t190,0.26666666666666666,6,5,22,4.956947162426615,0,377,1,-1912415
000007085816000166_bac-331201610xq-t213,0.4142857142857143,10,7,41,2.898169336384439,0,196,1,-992936
000003799620000010_f1231201910-k-t51,0.27350427350427353,13,9,85,2.611340206185567,0,148,1,-749768
000003799620000010_f1231201910-k-t226,0.26666666666666666,6,5,22,4.956947162426615,0,377,1,-1912415
000002134416000050_a2015123110-k-t151,0.0,11,2,22,3.0118906064209274,0,212,0,-1076525
000009341016000049_cvx-123115x10kdoc-t143,0.43007518796992483,35,19,379,1.0484271523178808,1266,58,1,-6712450
000003799615000064_f0930201510-q-t119,0.336,25,5,83,1.4416619237336368,1266,388,1,-8381697
000007085816000166_bac-331201610xq-t45,0.4603174603174603,9,7,34,3.582743988684583,0,279,1,-1415947
000007085816000166_bac-331201610xq-t548,0.41818181818181815,20,11,128,1.4624711316397228,1266,400,1,-8445022
000003799620000010_f1231201910-k-t297,0.2857142857142857,3,7,15,8.015822784810126,0,475,1,-2406350
000006480316000074_cvs-20151231x10k-t35,0.2785923753665689,31,11,246,1.1764979098931723,1266,190,1,-7378629
000002134416000050_a2015123110-k-t332,0.2692307692307692,10,13,95,3.272609819121447,0,246,1,-1246236
000002134416000050_a2015123110-k-t188,0.14545454545454545,11,5,47,3.0118906064209274,0,212,1,-1076525
000003799620000010_f1231201910-k-t389,0.38461538461538464,16,13,128,1.918939393939394,1266,606,1,-9488618
000002134416000050_a2015123110-k-t112,0.0,8,10,80,3.9271317829457364,0,310,0,-1572993
000007085816000166_bac-331201610xq-t516,0.3167420814479638,17,13,151,2.0560064935064934,0,17,1,-86122
000003799620000010_f1231201910-k-t397,0.3344947735191638,41,7,191,0.902386889918062,1540,0,1,-8648367
000007085816000166_bac-331201610xq-t263,0.4444444444444444,32,9,160,1.0918103448275862,1266,106,1,-6955618
000003408819000010_xom10k2018-t132,0.0,16,2,32,1.955984555984556,1266,619,0,-9551943
000007085816000166_bac-331201610xq-t238,0.47928994082840237,13,13,88,2.4833333333333334,0,123,1,-623118
000007085816000166_bac-331201610xq-t465,0.40625,32,7,133,1.1158590308370044,1266,131,1,-7082268
000003799615000064_f0930201510-q-t56,0.40293040293040294,21,13,163,1.5880877742946709,1266,469,1,-8792043
000003799620000010_f1231201910-k-t67,0.25,8,3,18,3.9271317829457364,0,310,1,-1572993
000009341016000049_cvx-123115x10kdoc-t107,0.36666666666666664,18,5,57,1.9499615088529638,1266,617,1,-9541811
000003799615000064_f0930201510-q-t9,0.4444444444444444,31,9,155,1.1764979098931723,1266,190,1,-7378629
000007085816000166_bac-331201610xq-t15,0.36470588235294116,17,5,54,2.0560064935064934,0,17,1,-86122
000002134416000050_a2015123110-k-t168,0.2,4,5,16,6.630890052356021,0,442,1,-2239172
000002134416000050_a2015123110-k-t192,0.35,16,15,156,1.918939393939394,1266,606,1,-9488618
000003799615000064_f0930201510-q-t27,0.26666666666666666,15,5,55,2.196877710320902,0,56,1,-286229
000003799620000010_f1231201910-k-t250,0.0,3,3,9,8.015822784810126,0,475,0,-2406350
000007085816000166_bac-331201610xq-t236,0.3611111111111111,12,9,69,2.792723263506064,0,179,1,-909347
000007085816000166_bac-331201610xq-t117,0.41818181818181815,11,5,32,3.0118906064209274,0,212,1,-1076525
000003799615000064_f0930201510-q-t150,0.17857142857142858,7,8,46,4.0334394904458595,0,319,1,-1616054
000003799620000010_f1231201910-k-t221,0.3111111111111111,10,9,62,3.272609819121447,0,246,1,-1246236
000003799620000010_f1231201910-k-t278,0.3627906976744186,43,5,137,0.8468739551989302,1724,0,1,-10315959
000003799620000010_f1231201910-k-t127,0.32142857142857145,8,7,38,3.9271317829457364,0,310,1,-1572993
000003799615000064_f0930201510-q-t3,0.0,4,2,8,6.630890052356021,0,442,0,-2239172
000007085816000166_bac-331201610xq-t501,0.37480798771121354,31,21,407,1.0221953188054882,1266,27,1,-6555404
000003799620000010_f1231201910-k-t141,0.25,8,3,18,3.9271317829457364,0,310,1,-1572993
000003799620000010_f1231201910-k-t276,0.40816326530612246,28,7,116,1.2943280531425652,1266,288,1,-7875097
000003408819000010_xom10k2018-t91,0.17777777777777778,9,5,37,3.3067885117493474,0,250,1,-1266500
000002134416000050_a2015123110-k-t338,0.24489795918367346,7,7,37,4.382352941176471,0,344,1,-1742704
000003799620000010_f1231201910-k-t335,0.3,8,5,28,3.9271317829457364,0,310,1,-1572993
000007085816000166_bac-331201610xq-t26,0.38571428571428573,14,5,43,2.444980694980695,0,115,1,-582590
000009341016000049_cvx-123115x10kdoc-t100,0.36363636363636365,11,13,91,3.0118906064209274,0,212,1,-1076525
000003799615000064_f0930201510-q-t81,0.3939393939393939,12,11,80,2.782800441014333,0,177,1,-896020
000007085816000166_bac-331201610xq-t29,0.3628472222222222,36,16,367,1.0205479452054795,1266,25,1,-6545272
000003799620000010_f1231201910-k-t131,0.25,8,3,18,3.9271317829457364,0,310,1,-1572993
000009341016000049_cvx-123115x10kdoc-t11,0.12857142857142856,14,5,61,2.332412523020258,0,90,1,-455940
000007085816000166_bac-331201610xq-t129,0.2987012987012987,33,7,162,1.0861921097770155,1266,100,1,-6925222
000003799620000010_f1231201910-k-t343,0.2857142857142857,12,7,60,2.792723263506064,0,179,1,-909347
000003799615000064_f0930201510-q-t24,0.38080495356037153,38,17,400,0.9701263883569513,1344,0,1,-7020979
000009341016000049_cvx-123115x10kdoc-t136,0.30612244897959184,7,7,34,4.382352941176471,0,344,1,-1742704
000009341016000049_cvx-123115x10kdoc-t26,0.29411764705882354,17,7,84,2.0560064935064934,0,17,1,-86122
000003799620000010_f1231201910-k-t369,0.14285714285714285,7,3,18,4.382352941176471,0,344,1,-1742704
000003799615000064_f0930201510-q-t125,0.36257309941520466,19,9,109,1.8543191800878478,1266,583,1,-9372100
000003799615000064_f0930201510-q-t152,0.1111111111111111,9,5,40,3.582743988684583,0,279,1,-1415947
000007085816000166_bac-331201610xq-t555,0.0,3,4,12,8.015822784810126,0,475,0,-2406350
000003799620000010_f1231201910-k-t347,0.26666666666666666,3,5,11,8.015822784810126,0,475,1,-2406350
000007085816000166_bac-331201610xq-t167,0.4666666666666667,24,15,192,1.494395280235988,1266,419,1,-8538743
000003799620000010_f1231201910-k-t169,0.2571428571428571,21,10,156,1.694314381270903,1266,519,1,-9045343
000003408819000010_xom10k2018-t55,0.0,4,4,16,6.223587223587224,0,429,0,-2175847
000006480316000074_cvs-20151231x10k-t1,0.0,4,2,8,6.630890052356021,0,442,0,-2239172
000009341016000049_cvx-123115x10kdoc-t20,0.0,7,5,35,4.382352941176471,0,344,0,-1742704
000009341016000049_cvx-123115x10kdoc-t37,0.14285714285714285,3,7,18,8.015822784810126,0,475,1,-2406350
000003408808000057_r10q050608-t15,0.07058823529411765,17,5,79,1.1428571428571428,704,88,1,-2230272
000009341016000049_cvx-123115x10kdoc-t170,0.0,15,2,30,2.196877710320902,0,56,0,-286229
000003799620000010_f1231201910-k-t353,0.47023809523809523,24,21,267,1.3023136246786633,1266,294,1,-7905493
000003799620000010_f1231201910-k-t340,0.32727272727272727,11,5,37,3.0118906064209274,0,212,1,-1076525
000007085816000166_bac-331201610xq-t106,0.2822822822822823,37,9,239,0.9761078998073218,1328,0,1,-6894915
000007085816000166_bac-331201610xq-t5,0.0,18,2,36,1.9499615088529638,1266,617,0,-9541811
000003408819000010_xom10k2018-t8,0.14444444444444443,30,3,77,0.8318555008210181,1778,0,1,-10831065
000002134416000050_a2015123110-k-t351,0.0,4,7,28,6.630890052356021,0,442,0,-2239172
000003799615000064_f0930201510-q-t124,0.2857142857142857,6,7,30,4.515151515151516,0,352,1,-1785765
000002134416000050_a2015123110-k-t184,0.1,25,4,90,1.4416619237336368,1266,388,1,-8381697
000002134416000050_a2015123110-k-t281,0.0,8,10,80,3.9271317829457364,0,310,0,-1572993
000007085816000166_bac-331201610xq-t376,0.5138888888888888,8,9,35,3.9271317829457364,0,310,1,-1572993
000003799615000064_f0930201510-q-t8,0.4444444444444444,13,9,65,2.611340206185567,0,148,1,-749768
000009341016000049_cvx-123115x10kdoc-t123,0.3974358974358974,6,13,47,4.956947162426615,0,377,1,-1912415
000007085816000166_bac-331201610xq-t109,0.2727272727272727,11,5,40,3.0118906064209274,0,212,1,-1076525
000003799620000010_f1231201910-k-t225,0.3888888888888889,16,9,88,2.164957264957265,0,48,1,-243168
000003799620000010_f1231201910-k-t368,0.25,8,3,18,3.9271317829457364,0,310,1,-1572993
000003799620000010_f1231201910-k-t70,0.3673469387755102,7,7,31,4.382352941176471,0,344,1,-1742704
000007085816000166_bac-331201610xq-t360,0.425,8,5,23,3.9271317829457364,0,310,1,-1572993
000003799615000064_f0930201510-q-t10,0.3575757575757576,33,5,106,1.0861921097770155,1266,100,1,-6925222
000007085816000166_bac-331201610xq-t157,0.10689655172413794,29,10,259,0.89822695035461,1553,0,1,-8761740
000003799620000010_f1231201910-k-t122,0.2,14,5,56,2.444980694980695,0,115,1,-582590
000003799620000010_f1231201910-k-t215,0.3,10,7,49,3.272609819121447,0,246,1,-1246236
000007085816000166_bac-331201610xq-t98,0.36666666666666664,6,5,19,4.956947162426615,0,377,1,-1912415
000003799620000010_f1231201910-k-t274,0.0,14,3,42,2.444980694980695,0,115,0,-582590
000003799620000010_f1231201910-k-t279,0.3111111111111111,9,5,31,3.346103038309115,0,254,1,-1289297
000002134416000050_a2015123110-k-t152,0.35714285714285715,22,7,99,1.6226777706598334,1266,486,1,-8878165
000009341016000049_cvx-123115x10kdoc-t134,0.3696969696969697,15,11,104,2.2964641885766093,0,81,1,-412879
000003799620000010_f1231201910-k-t133,0.25,8,3,18,3.9271317829457364,0,310,1,-1572993
000009341016000049_cvx-123115x10kdoc-t13,0.15384615384615385,13,9,99,2.4833333333333334,0,123,1,-623118
000002134416000050_a2015123110-k-t258,0.26666666666666666,3,5,11,8.015822784810126,0,475,1,-2406350
000007085816000166_bac-331201610xq-t656,0.3217391304347826,23,5,78,1.555896805896806,1266,452,1,-8708454
000003799620000010_f1231201910-k-t357,0.47023809523809523,24,21,267,1.3023136246786633,1266,294,1,-7905493
000007085816000166_bac-331201610xq-t120,0.34545454545454546,11,5,36,3.0118906064209274,0,212,1,-1076525
000003799620000010_f1231201910-k-t128,0.3492063492063492,7,9,41,4.382352941176471,0,344,1,-1742704
000007085816000166_bac-331201610xq-t333,0.38333333333333336,12,5,37,2.792723263506064,0,179,1,-909347
000003408819000010_xom10k2018-t92,0.09523809523809523,18,7,114,1.7951807228915662,1266,561,1,-9258115
000002134416000050_a2015123110-k-t93,0.08181818181818182,10,11,101,3.272609819121447,0,246,1,-1246236
000002134416000050_a2015123110-k-t248,0.125,4,4,14,6.630890052356021,0,442,1,-2239172
000007085816000166_bac-331201610xq-t275,0.42592592592592593,12,9,62,2.792723263506064,0,179,1,-909347
000007085816000166_bac-331201610xq-t432,0.43333333333333335,10,9,51,3.0740291262135924,0,221,1,-1119586
000007085816000166_bac-331201610xq-t335,0.36,30,5,96,1.0189058728881737,1266,23,1,-6535140
000003799620000010_f1231201910-k-t338,0.23076923076923078,2,13,20,10.17269076305221,0,508,1,-2576061
000003799620000010_f1231201910-k-t258,0.26666666666666666,3,5,11,8.015822784810126,0,475,1,-2406350
000003408819000010_xom10k2018-t108,0.06666666666666667,5,3,14,5.299163179916318,0,394,1,-1996004
000002134416000050_a2015123110-k-t274,0.16666666666666666,4,9,30,6.630890052356021,0,442,1,-2239172
000007085816000166_bac-331201610xq-t27,0.42857142857142855,7,7,28,4.382352941176471,0,344,1,-1742704
000002134416000050_a2015123110-k-t129,0.26666666666666666,9,10,66,3.582743988684583,0,279,1,-1415947
000007085816000166_bac-331201610xq-t82,0.34545454545454546,11,5,36,3.0118906064209274,0,212,1,-1076525
000003799620000010_f1231201910-k-t150,0.25925925925925924,9,3,20,3.582743988684583,0,279,1,-1415947
000007085816000166_bac-331201610xq-t453,0.44755244755244755,13,11,79,2.3672897196261684,0,98,1,-496468
000003799620000010_f1231201910-k-t46,0.30303030303030304,18,11,138,1.8776871756856932,1266,592,1,-9415161
000003799620000010_f1231201910-k-t346,0.4,5,7,21,5.692134831460674,0,410,1,-2079593
000007085816000166_bac-331201610xq-t91,0.3055555555555556,36,5,125,1.0205479452054795,1266,25,1,-6545272
000003799615000064_f0930201510-q-t76,0.4017094017094017,9,13,70,3.582743988684583,0,279,1,-1415947
000003799620000010_f1231201910-k-t134,0.3673469387755102,7,7,31,4.382352941176471,0,344,1,-1742704
000003799615000064_f0930201510-q-t38,0.2857142857142857,7,5,25,4.0334394904458595,0,319,1,-1616054
000003799620000010_f1231201910-k-t92,0.2857142857142857,4,7,20,6.630890052356021,0,442,1,-2239172
000003799620000010_f1231201910-k-t308,0.30256410256410254,39,10,272,0.9458551157580284,1411,0,1,-7559994
000002134416000050_a2015123110-k-t311,0.38095238095238093,18,7,78,1.930715935334873,1254,604,1,-9322236
000003799620000010_f1231201910-k-t361,0.47692307692307695,10,13,68,1.988226059654631,1266,629,1,-9605136
000003799620000010_f1231201910-k-t41,0.0,10,4,40,3.272609819121447,0,246,0,-1246236
000007085816000166_bac-331201610xq-t565,0.2625,16,5,59,2.164957264957265,0,48,1,-243168
000003799620000010_f1231201910-k-t349,0.22377622377622378,11,13,111,2.691817215727949,0,162,1,-823225
000009341016000049_cvx-123115x10kdoc-t40,0.14285714285714285,3,7,18,8.015822784810126,0,475,1,-2406350
000002134416000050_a2015123110-k-t235,0.2777777777777778,6,3,13,4.956947162426615,0,377,1,-1912415
000007085816000166_bac-331201610xq-t633,0.41975308641975306,27,9,141,1.2113821138211383,1266,221,1,-7535675
000003799620000010_f1231201910-k-t296,0.34285714285714286,10,7,46,3.272609819121447,0,246,1,-1246236
000003799620000010_f1231201910-k-t30,0.06666666666666667,6,5,28,4.956947162426615,0,377,1,-1912415
000002134416000050_a2015123110-k-t82,0.14285714285714285,7,5,30,4.382352941176471,0,344,1,-1742704
000009341016000049_cvx-123115x10kdoc-t127,0.13333333333333333,3,5,13,8.015822784810126,0,475,1,-2406350
000007085816000166_bac-331201610xq-t387,0.3142857142857143,7,5,24,4.382352941176471,0,344,1,-1742704
000007085816000166_bac-331201610xq-t219,0.3791208791208791,26,7,113,1.3165280665280665,1266,304,1,-7958686
000003799620000010_f1231201910-k-t144,0.3181818181818182,11,9,75,3.0118906064209274,0,212,1,-1076525
000003799620000010_f1231201910-k-t268,0.0,12,3,36,1.8002842928216063,1266,563,0,-9268247
000003799620000010_f1231201910-k-t328,0.2857142857142857,7,5,25,4.382352941176471,0,344,1,-1742704
000003799620000010_f1231201910-k-t68,0.3673469387755102,7,7,31,4.382352941176471,0,344,1,-1742704
000002134416000050_a2015123110-k-t315,0.38345864661654133,19,7,82,1.83601756954612,1254,571,1,-9154200
000006480316000074_cvs-20151231x10k-t4,0.024691358024691357,27,3,79,1.3395029085140138,1266,321,1,-8042275
000003799615000064_f0930201510-q-t185,0.0,13,3,39,2.611340206185567,0,148,0,-749768
000007085816000166_bac-331201610xq-t664,0.027777777777777776,18,2,35,1.2067651262505956,1266,217,1,-7515411
000009341016000049_cvx-123115x10kdoc-t166,0.38271604938271603,27,21,350,0.9241152863918278,1474,0,1,-8083209
000007085816000166_bac-331201610xq-t352,0.4,15,7,63,2.2964641885766093,0,81,1,-412879
000002134416000050_a2015123110-k-t195,0.37362637362637363,7,13,57,3.879019908116386,0,306,1,-1552729
000009341016000049_cvx-123115x10kdoc-t138,0.2698412698412698,9,7,46,3.582743988684583,0,279,1,-1415947
000003799620000010_f1231201910-k-t61,0.25,8,3,18,3.9271317829457364,0,310,1,-1572993
000007085816000166_bac-331201610xq-t395,0.3794642857142857,32,21,417,0.8749568221070811,1628,0,1,-9429015
000007085816000166_bac-331201610xq-t559,0.23333333333333334,8,15,92,2.5457286432160804,0,135,1,-686443
000002134416000050_a2015123110-k-t272,0.3111111111111111,5,9,31,5.692134831460674,0,410,1,-2079593
000006480319000013_cvs-2018231x10k-t5,0.22857142857142856,5,7,27,5.683146067415731,0,409,1,-2071251
000007085816000166_bac-331201610xq-t535,0.375,8,5,25,3.6446043165467628,0,285,1,-1446343
000003799620000010_f1231201910-k-t222,0.441025641025641,15,13,109,2.2964641885766093,0,81,1,-412879
000003799620000010_f1231201910-k-t31,0.21428571428571427,8,7,44,3.9271317829457364,0,310,1,-1572993
000003799620000010_f1231201910-k-t152,0.29464285714285715,16,7,79,2.164957264957265,0,48,1,-243168
000009341016000049_cvx-123115x10kdoc-t147,0.44321329639889195,19,19,201,1.8543191800878478,1266,583,1,-9372100
000009341016000049_cvx-123115x10kdoc-t25,0.0,8,2,16,3.9271317829457364,0,310,0,-1572993
000003799620000010_f1231201910-k-t135,0.25,8,3,18,3.9271317829457364,0,310,1,-1572993
000002134416000050_a2015123110-k-t171,0.32142857142857145,4,7,19,6.630890052356021,0,442,1,-2239172
000007085816000166_bac-331201610xq-t269,0.2857142857142857,7,5,25,4.0334394904458595,0,319,1,-1616054
000003799620000010_f1231201910-k-t89,0.3181818181818182,11,9,75,3.0118906064209274,0,212,1,-1076525
000003799620000010_f1231201910-k-t271,0.0,21,3,63,0.9761078998073218,1328,0,0,-6894915
000002134416000050_a2015123110-k-t110,0.0,9,7,63,3.582743988684583,0,279,0,-1415947
000003799620000010_f1231201910-k-t210,0.21428571428571427,14,10,110,2.444980694980695,0,115,1,-582590
000007085816000166_bac-331201610xq-t543,0.4015151515151515,12,11,79,2.3964049195837274,0,104,1,-529397
000003799620000010_f1231201910-k-t352,0.42857142857142855,9,7,36,3.582743988684583,0,279,1,-1415947
000003799615000064_f0930201510-q-t133,0.35,16,5,52,2.164957264957265,0,48,1,-243168
000007085816000166_bac-331201610xq-t154,0.37362637362637363,14,13,114,2.444980694980695,0,115,1,-582590
000007085816000166_bac-331201610xq-t328,0.0,26,2,52,1.3196271929824561,1203,291,0,-7196930
000003799615000064_f0930201510-q-t53,0.36666666666666664,20,9,114,1.768854748603352,1266,550,1,-9204922
000003799615000064_f0930201510-q-t42,0.452991452991453,18,13,128,1.9499615088529638,1266,617,1,-9541811
000009341016000049_cvx-123115x10kdoc-t116,0.30612244897959184,7,7,34,4.382352941176471,0,344,1,-1742704
000006480316000074_cvs-20151231x10k-t33,0.16,5,5,21,4.071910112359551,0,230,1,-835332
000003799620000010_f1231201910-k-t312,0.4307692307692308,20,13,148,1.768854748603352,1266,550,1,-9204922
000003799620000010_f1231201910-k-t315,0.25263157894736843,19,5,71,1.8543191800878478,1266,583,1,-9372100
000009341016000049_cvx-123115x10kdoc-t122,0.4065934065934066,7,13,54,4.382352941176471,0,344,1,-1742704
000003799620000010_f1231201910-k-t65,0.3673469387755102,7,7,31,4.382352941176471,0,344,1,-1742704
000009341016000049_cvx-123115x10kdoc-t12,0.16483516483516483,13,7,76,2.3672897196261684,0,98,1,-496468
000009341016000049_cvx-123115x10kdoc-t111,0.35,12,5,39,2.792723263506064,0,179,1,-909347
000003799620000010_f1231201910-k-t220,0.35555555555555557,10,9,58,3.272609819121447,0,246,1,-1246236
000003799620000010_f1231201910-k-t392,0.2222222222222222,6,3,14,4.956947162426615,0,377,1,-1912415
000003799620000010_f1231201910-k-t95,0.25925925925925924,9,3,20,3.582743988684583,0,279,1,-1415947
000002134416000050_a2015123110-k-t350,0.25882352941176473,17,10,126,2.0560064935064934,0,17,1,-86122
000003408819000010_xom10k2018-t65,0.02,25,4,98,1.322025052192067,1266,308,1,-7978950
000007085816000166_bac-331201610xq-t75,0.35714285714285715,32,21,432,1.025506072874494,1266,31,1,-6575668
000002134416000050_a2015123110-k-t145,0.24444444444444444,27,10,204,1.3395029085140138,1266,321,1,-8042275
000003799615000064_f0930201510-q-t182,0.1,5,6,27,2.902958579881657,0,190,1,-934593
000007085816000166_bac-331201610xq-t210,0.4214876033057851,11,11,70,2.4332372718539865,0,112,1,-569925
000009341016000049_cvx-123115x10kdoc-t155,0.019417475728155338,31,10,303,1.1764979098931723,1266,190,1,-7378629
000002134416000050_a2015123110-k-t178,0.2719298245614035,19,6,83,1.7888418079096045,1266,558,1,-9245450
000009341016000049_cvx-123115x10kdoc-t139,0.3181818181818182,30,11,225,1.2142857142857142,1266,223,1,-7548340
000007085816000166_bac-331201610xq-t385,0.3111111111111111,9,5,31,3.346103038309115,0,254,1,-1289297
000007085816000166_bac-331201610xq-t391,0.375,8,5,25,3.9271317829457364,0,310,1,-1572993
000002134416000050_a2015123110-k-t154,0.36363636363636365,11,7,49,2.8428731762065094,0,187,1,-949875
000003799620000010_f1231201910-k-t224,0.4152046783625731,19,9,100,1.8543191800878478,1266,583,1,-9372100
000002134416000050_a2015123110-k-t302,0.26666666666666666,6,5,22,4.956947162426615,0,377,1,-1912415
000007085816000166_bac-331201610xq-t327,0.018518518518518517,27,2,53,1.273400317292438,1204,258,1,-7043400
000003408819000010_xom10k2018-t82,0.0,5,4,20,5.299163179916318,0,394,0,-1996004
000003799620000010_f1231201910-k-t289,0.2857142857142857,3,7,15,8.015822784810126,0,475,1,-2406350
000007085816000166_bac-331201610xq-t639,0.43333333333333335,6,5,17,4.956947162426615,0,377,1,-1912415
000007085816000166_bac-331201610xq-t250,0.45751633986928103,17,9,83,1.9758190327613105,1266,625,1,-9584872
000002134416000050_a2015123110-k-t319,0.13,25,4,87,1.4416619237336368,1266,388,1,-8381697
000002134416000050_a2015123110-k-t162,0.2,5,3,12,5.692134831460674,0,410,1,-2079593
000009341016000049_cvx-123115x10kdoc-t108,0.3142857142857143,7,5,24,4.382352941176471,0,344,1,-1742704
000002134416000050_a2015123110-k-t257,0.26666666666666666,3,5,11,8.015822784810126,0,475,1,-2406350
000003799620000010_f1231201910-k-t147,0.2857142857142857,4,7,20,6.630890052356021,0,442,1,-2239172
000009341016000049_cvx-123115x10kdoc-t110,0.3949579831932773,17,7,72,2.0560064935064934,0,17,1,-86122
000003799615000064_f0930201510-q-t45,0.26666666666666666,6,5,22,4.515151515151516,0,352,1,-1785765
000002134416000050_a2015123110-k-t130,0.32142857142857145,8,7,38,3.9271317829457364,0,310,1,-1572993
000007085816000166_bac-331201610xq-t437,0.44755244755244755,13,11,79,2.3672897196261684,0,98,1,-496468
000002134416000050_a2015123110-k-t303,0.36507936507936506,9,7,40,3.582743988684583,0,279,1,-1415947
000003799620000010_f1231201910-k-t281,0.0,30,3,90,1.2142857142857142,1266,223,0,-7548340
000007085816000166_bac-331201610xq-t367,0.39869281045751637,17,9,92,2.0560064935064934,0,17,1,-86122
000003408819000010_xom10k2018-t110,0.0,16,2,32,1.994488188976378,1266,631,0,-9615268
000007085816000166_bac-331201610xq-t253,0.3680555555555556,16,9,91,2.164957264957265,0,48,1,-243168
000002134416000050_a2015123110-k-t100,0.08181818181818182,10,11,101,3.272609819121447,0,246,1,-1246236
000003799620000010_f1231201910-k-t406,0.375,8,13,65,3.9271317829457364,0,310,1,-1572993
000002134416000050_a2015123110-k-t307,0.38571428571428573,20,7,86,1.768854748603352,1266,550,1,-9204922
000003799620000010_f1231201910-k-t10,0.0,5,3,15,5.692134831460674,0,410,0,-2079593
000003799620000010_f1231201910-k-t304,0.28,30,10,216,1.2142857142857142,1266,223,1,-7548340
000002134416000050_a2015123110-k-t174,0.24,5,5,19,5.692134831460674,0,410,1,-2079593
000003799620000010_f1231201910-k-t132,0.3673469387755102,7,7,31,4.382352941176471,0,344,1,-1742704
000002134416000050_a2015123110-k-t343,0.39097744360902253,14,19,162,2.444980694980695,0,115,1,-582590
000007085816000166_bac-331201610xq-t477,0.32575757575757575,12,11,89,2.1892826274848747,0,54,1,-276097
000007085816000166_bac-331201610xq-t641,0.4823529411764706,10,17,88,3.272609819121447,0,246,1,-1246236
000003799615000064_f0930201510-q-t130,0.2857142857142857,7,5,25,4.382352941176471,0,344,1,-1742704
000009341016000049_cvx-123115x10kdoc-t140,0.41025641025641024,39,19,437,0.9458551157580284,1411,0,1,-7559994
000007085816000166_bac-331201610xq-t526,0.325,8,5,27,3.9271317829457364,0,310,1,-1572993
000009341016000049_cvx-123115x10kdoc-t106,0.07142857142857142,8,7,52,3.9271317829457364,0,310,1,-1572993
000007085816000166_bac-331201610xq-t226,0.5054945054945055,7,13,45,4.382352941176471,0,344,1,-1742704
000002134416000050_a2015123110-k-t389,0.23809523809523808,14,12,128,2.444980694980695,0,115,1,-582590
000002134416000050_a2015123110-k-t127,0.3333333333333333,9,7,42,3.582743988684583,0,279,1,-1415947
000003799620000010_f1231201910-k-t293,0.3939393939393939,11,9,60,3.0118906064209274,0,212,1,-1076525
000002134416000050_a2015123110-k-t108,0.3333333333333333,9,7,42,3.582743988684583,0,279,1,-1415947
000003408808000057_r10q050608-t7,0.05625,32,5,151,0.5572072072072072,1601,0,1,-7110660
000003799615000064_f0930201510-q-t73,0.44919786096256686,11,17,103,2.5560040363269425,0,137,1,-696575
000002134416000050_a2015123110-k-t345,0.34539473684210525,19,16,199,1.197069943289225,1266,208,1,-7472350
000003408819000010_xom10k2018-t6,0.0,3,4,12,7.629518072289157,0,467,0,-2365822
000002134416000050_a2015123110-k-t386,0.32142857142857145,8,7,38,3.9271317829457364,0,310,1,-1572993
000006480316000074_cvs-20151231x10k-t39,0.0,7,2,14,4.382352941176471,0,344,0,-1742704
000003799615000064_f0930201510-q-t129,0.4025974025974026,14,11,92,2.444980694980695,0,115,1,-582590
000007085816000166_bac-331201610xq-t169,0.4,12,5,36,2.6468129571577848,0,154,1,-782697
000003799620000010_f1231201910-k-t174,0.17857142857142858,7,8,46,4.0334394904458595,0,319,1,-1616054
000003799620000010_f1231201910-k-t8,0.0,44,3,132,0.8423678084469571,1740,0,0,-10467367
000002134416000050_a2015123110-k-t131,0.2857142857142857,3,7,15,8.015822784810126,0,475,1,-2406350
000007085816000166_bac-331201610xq-t100,0.28888888888888886,30,9,192,1.1858614232209739,1266,198,1,-7421690
000007085816000166_bac-331201610xq-t282,0.38571428571428573,42,5,129,0.8813500347947112,1607,0,1,-9239910
000009341016000049_cvx-123115x10kdoc-t109,0.34285714285714286,10,7,46,3.272609819121447,0,246,1,-1246236
000002134416000050_a2015123110-k-t273,0.2,4,5,16,6.630890052356021,0,442,1,-2239172
000007085816000166_bac-331201610xq-t426,0.3701923076923077,16,13,131,1.7231292517006802,1266,531,1,-9108668
000002134416000050_a2015123110-k-t324,0.2571428571428571,10,14,104,3.239018087855297,0,239,1,-1200853
000007085816000166_bac-331201610xq-t57,0.38392857142857145,16,7,69,2.164957264957265,0,48,1,-243168
000003799620000010_f1231201910-k-t32,0.0,6,3,18,4.956947162426615,0,377,0,-1912415
000006480319000013_cvs-2018231x10k-t17,0.0,7,4,28,4.382352941176471,0,344,0,-1742704
000003408819000010_xom10k2018-t94,0.1,15,4,54,2.119665271966527,0,35,1,-179843
000007085816000166_bac-331201610xq-t372,0.44,5,5,14,5.692134831460674,0,410,1,-2079593
000003799620000010_f1231201910-k-t277,0.38095238095238093,12,7,52,2.792723263506064,0,179,1,-909347
000003408819000010_xom10k2018-t63,0.21428571428571427,6,7,33,3.832072617246596,0,302,1,-1532465
000002134416000050_a2015123110-k-t106,0.0,9,7,63,3.582743988684583,0,279,0,-1415947
000007085816000166_bac-331201610xq-t189,0.4855769230769231,16,13,107,1.918939393939394,1266,606,1,-9488618
000003799615000064_f0930201510-q-t153,0.22941176470588234,17,10,131,2.0560064935064934,0,17,1,-86122
000003799620000010_f1231201910-k-t319,0.25,8,3,18,3.9271317829457364,0,310,1,-1572993
000007085816000166_bac-331201610xq-t562,0.4697802197802198,28,13,193,1.2943280531425652,1266,288,1,-7875097
000007085816000166_bac-331201610xq-t270,0.36363636363636365,11,9,63,3.0118906064209274,0,212,1,-1076525
000009341016000049_cvx-123115x10kdoc-t19,0.027777777777777776,18,4,70,1.9499615088529638,1266,617,1,-9541811
000003799620000010_f1231201910-k-t2,0.26666666666666666,5,3,11,5.692134831460674,0,410,1,-2079593
000007085816000166_bac-331201610xq-t162,0.19230769230769232,13,10,105,1.994488188976378,1266,631,1,-9615268
000007085816000166_bac-331201610xq-t661,0.22857142857142856,5,7,27,4.647706422018349,0,360,1,-1826293
000009341016000049_cvx-123115x10kdoc-t119,0.32857142857142857,7,10,47,4.382352941176471,0,344,1,-1742704
000007085816000166_bac-331201610xq-t489,0.40329218106995884,27,9,145,1.2722250125565042,1266,271,1,-7788975
000003799620000010_f1231201910-k-t247,0.0,3,3,9,8.015822784810126,0,475,0,-2406350
000003799620000010_f1231201910-k-t379,0.2857142857142857,7,5,25,4.382352941176471,0,344,1,-1742704
000003408819000010_xom10k2018-t68,0.125,4,4,14,6.223587223587224,0,429,1,-2175847
000007085816000166_bac-331201610xq-t124,0.2857142857142857,7,7,35,4.0334394904458595,0,319,1,-1616054
000003799620000010_f1231201910-k-t404,0.4014336917562724,31,18,334,1.011985617259289,1266,15,1,-6492079
000003799615000064_f0930201510-q-t74,0.4444444444444444,9,17,85,3.346103038309115,0,254,1,-1289297
000002134416000050_a2015123110-k-t51,0.36363636363636365,12,11,84,2.792723263506064,0,179,1,-909347
000007085816000166_bac-331201610xq-t390,0.36666666666666664,6,5,19,4.956947162426615,0,377,1,-1912415
000006480316000074_cvs-20151231x10k-t32,0.05952380952380952,7,12,79,4.373702422145329,0,343,1,-1734208
000009341016000049_cvx-123115x10kdoc-t31,0.0625,32,2,60,1.140990990990991,1266,156,1,-7208918
000007085816000166_bac-331201610xq-t175,0.46153846153846156,13,9,63,2.4833333333333334,0,123,1,-623118
000007085816000166_bac-331201610xq-t486,0.2727272727272727,11,3,24,3.0118906064209274,0,212,1,-1076525
000002134416000050_a2015123110-k-t109,0.0,9,7,63,3.582743988684583,0,279,0,-1415947
000002134416000050_a2015123110-k-t85,0.12727272727272726,10,11,96,3.272609819121447,0,246,1,-1246236
000003799620000010_f1231201910-k-t273,0.0,23,3,66,1.1629935720844813,1266,177,0,-7315304
000007085816000166_bac-331201610xq-t286,0.32919254658385094,23,7,108,1.3137966804979253,1266,302,1,-7948554
000003799620000010_f1231201910-k-t254,0.42424242424242425,21,11,133,1.694314381270903,1266,519,1,-9045343
000006480319000013_cvs-2018231x10k-t114,0.16363636363636364,11,5,46,3.0118906064209274,0,212,1,-1076525
000003408819000010_xom10k2018-t90,0.14285714285714285,12,7,72,2.579429735234216,0,142,1,-719372
000002134416000050_a2015123110-k-t251,0.36444444444444446,25,9,143,1.4416619237336368,1266,388,1,-8381697
000007085816000166_bac-331201610xq-t610,0.42483660130718953,34,9,176,1.04496699669967,1266,54,1,-6692186
000003799620000010_f1231201910-k-t403,0.2857142857142857,7,5,25,4.382352941176471,0,344,1,-1742704
000003408819000010_xom10k2018-t71,0.0,33,2,66,1.0168606985146527,1266,21,0,-6522475
000003408819000010_xom10k2018-t104,0.03571428571428571,14,4,54,2.25355871886121,0,71,1,-359686
000007085816000166_bac-331201610xq-t69,0.3925729442970822,29,13,229,0.9486891385767791,1403,0,1,-7494690
000006480319000013_cvs-2018231x10k-t130,0.0,37,3,111,0.9933202357563851,1281,0,0,-6520290
000002134416000050_a2015123110-k-t198,0.3,8,5,28,3.9271317829457364,0,310,1,-1572993
000007085816000166_bac-331201610xq-t448,0.43333333333333335,10,9,51,3.0740291262135924,0,221,1,-1119586
000007085816000166_bac-331201610xq-t90,0.29118773946360155,29,9,185,1.223671497584541,1266,231,1,-7588868
000007085816000166_bac-331201610xq-t78,0.38571428571428573,10,7,43,3.272609819121447,0,246,1,-1246236
000009341016000049_cvx-123115x10kdoc-t118,0.15,10,4,34,3.272609819121447,0,246,1,-1246236
